B1,B2,B3,B4,B5,B6_VCID_2,B7,KODE2010,NDBI,NDVI,NDWI
38.074379457692245,33.65342235913191,27.848982252727705,60.10548590343988,32.89571761479694,188.00817701386126,18.1643081224902,3502061002,-0.3354354583682341,0.4051187451037418,-0.29460844408210507
24.242414307363806,19.77239536863736,12.98981278299112,60.5254912290138,27.25115561474806,193.17710352490306,10.399871454089809,3502060002,-0.38482625814279,0.6395915022202143,-0.4983721151957906
25.284468706966802,20.841559937968327,14.322446495134301,62.31441661365355,29.363751970425128,193.30651383576952,11.70410155002517,3502060005,-0.3645005176945901,0.6189900276382218,-0.48986438965346524
26.316282593820223,21.702094424412437,14.984862345250656,56.67493594067729,26.507992856414965,191.76063469685914,11.006717736182374,3502061001,-0.37130882561430795,0.565489245147497,-0.4267998645152447
26.2762379263659,21.42032134052695,14.829040120837341,60.70662483834447,28.969999040171274,192.9113077917875,11.648878010830876,3502060006,-0.35992992949595903,0.5977439062920246,-0.4666458492269503
26.83184718507581,22.283741345397683,15.751339460082422,64.77096064553311,32.756484493089495,193.59251601309433,13.476699787542982,3502060004,-0.3309959383127207,0.5994544522300321,-0.4776044432564586
25.44800419880676,20.64831847091932,14.13409460265461,63.08912979638888,31.989409504040967,193.76351570722142,12.719611546536163,3502060003,-0.33106751630027886,0.6255125898943458,-0.4968307887541658
26.481584745195512,21.561149318006162,15.039320655836315,64.40515027519051,29.90386073517994,193.1134245103371,12.086816802802602,3502070003,-0.3686638737962424,0.61172200012816,-0.487343019905417
26.242941680582913,21.280767836758468,14.8298077020788,62.28277312774592,28.85175920249036,193.3526873270353,11.870194669042307,3502070002,-0.3685106828816226,0.602644437357668,-0.47657799811689505
25.170199601313385,20.656753636214944,14.023058018933883,65.35480013117474,32.748102609422006,193.8175307496543,12.546994629418942,3502060001,-0.33445993139358815,0.6409331686168254,-0.5126538878460637
26.2185366216028,21.59326191867991,15.178027834204505,63.56078484780674,33.795474664541786,193.95464096493714,13.729805079207274,3502070007,-0.30771676082863314,0.6066257125140749,-0.4838537544466239
25.48525132713466,20.972170391694387,14.308429336357793,65.53133972723963,34.567222204999666,193.84556933169705,13.282836027511138,3502070001,-0.3107563675786688,0.6361543560546213,-0.5088889224988333
24.238765113857742,20.006681042371934,13.678126652063904,65.33876707185917,30.823601071622704,193.0964379692278,12.126712932260771,3502050005,-0.3609159382262701,0.6484628375738754,-0.5244417611904892
24.88012971465189,20.815368014383274,14.308645661857161,70.5650470130545,35.58528153664489,193.80058200679423,13.989880098230458,3502050006,-0.329863152135712,0.6584470860588125,-0.5394277977351735
25.811627030366967,21.807794170403856,15.714407181620908,67.08728190281764,35.789159015740786,194.10798667399982,15.064454158006326,3502050007,-0.30276400909332296,0.6148314551954897,-0.5034485378626753
26.340069302980886,22.54751185724665,16.476944135553232,67.96109368043922,37.33733119925376,194.2824905903279,15.794091034360491,3502050008,-0.28747081671775493,0.6026133536937998,-0.49478912802465214
25.93098646374897,22.048974936342745,15.71011142676007,66.49471686980924,35.742482239646534,194.18899000834242,14.44666410784046,3502050014,-0.2997639371754299,0.611369767731607,-0.4953240068444722
25.897544869269435,21.93843217896485,15.319706257403885,69.23615774845094,35.948040916367695,194.06226791611556,14.229528469744885,3502050013,-0.31458729584811,0.6342009876675456,-0.5153586770117059
25.99275537166313,21.092407938543708,14.946625096723823,66.09745243446854,33.59460509941013,194.22749083872478,13.869780925767227,3502080002,-0.3234198604131159,0.6271648342919047,-0.5118667915292605
25.17355017627966,20.953584894813353,14.743896449286304,65.32691411224661,34.839441154085065,194.76508625268534,14.717691329989778,3502080014,-0.3032898364159916,0.6254588046043573,-0.5074928111359974
25.621866773081344,21.06349996985556,14.711611062146352,67.78064468898128,35.34825435012906,194.53465174564988,14.849968276570893,3502080003,-0.31242574949685653,0.6402235696167592,-0.5228194738199434
25.95318187543467,22.177604038218735,15.96820506089823,65.17570464016221,37.63542618173892,194.99652667889526,16.059560868060384,3502090009,-0.26693596974639044,0.6029124719681476,-0.4885712540106447
26.597570477584625,22.93448944575885,17.20290108300463,64.32345683778102,36.98631539703231,194.58484382730055,16.451415138903144,3502050012,-0.26927340245482045,0.5751624906327393,-0.47160673146029525
26.487537569409902,22.506713044485032,16.620575493407546,66.64418693284053,36.34499814263588,194.38941688416298,15.937298283023681,3502080001,-0.29219554434178885,0.596694413543237,-0.4912143013605324
26.515028978663945,22.379657871276066,16.84089172973181,63.51220312594016,36.4007916033889,194.90349074852332,16.600546574610735,3502080005,-0.26891632086107686,0.5757294619208145,-0.4740901025723641
26.511460101867574,22.749790991408133,17.245724970417243,64.94801795544586,37.5698490636415,194.73706076040548,17.142241601070126,3502080004,-0.26536832350374034,0.5772522432657163,-0.47825443975003534
27.368925881654995,24.335492110623708,19.72086892734293,60.2777808626732,36.404139474937814,194.77953292086667,17.036707007356018,3502040015,-0.24425882382547448,0.5012235349301345,-0.41920969061764185
26.58724493069814,22.03276196740245,16.527379844712524,65.42180281057492,36.10189136293632,194.816967723306,16.182338456108823,3502080013,-0.28772035770869253,0.5928787476633156,-0.4924910754436678
26.330823396130587,21.914955123885424,16.102622807641698,64.07334625274322,36.86972184203441,194.94969103635694,16.412745848976826,3502080012,-0.268636584897656,0.595562355917699,-0.48742327857402085
26.12423465784949,21.95453327628747,15.915779132847621,65.73061306294711,35.67873283432064,194.94248822390787,15.301457576991128,3502080015,-0.29460581716043,0.6069160550372322,-0.4960138928963644
27.11406598683101,23.35111637627372,17.89643656944046,65.2471141092801,36.357031812689684,195.08464426698598,16.569684470700285,3502080007,-0.2819921492706695,0.5650677446185127,-0.4685295393780988
27.607490955235185,23.752932798747263,18.99804592580594,62.2154408985367,37.78320238673796,195.41767576543037,18.484299908202388,3502080008,-0.24205556881900622,0.5265059409140113,-0.44178769990128985
27.028944656848633,23.266647208977226,17.87965150310653,63.479349317664024,35.61059035812364,195.08981873711025,15.970542563158222,3502080009,-0.2805675627347291,0.5572383201157705,-0.4602548588317454
26.94207764598697,23.09564865275271,17.677063172026827,63.49863455480218,35.91483141030125,195.06053754914015,16.722254225890207,3502080011,-0.27520717548367424,0.560343850769708,-0.46276722346062227
26.589354156016512,22.532472313971883,16.82974383967665,65.60476986361611,36.3926158230849,195.04497307548695,16.2888352664772,3502090007,-0.2850153043543756,0.5890616182553284,-0.48596199296874204
27.072314786548628,23.029039669660513,17.414595350182356,64.41635309050595,36.77854721316218,195.65914298108913,16.713202332942366,3502090008,-0.27036475962623874,0.5694555869836446,-0.46850652189150555
27.247727788340537,22.88567768825677,17.216297283786044,58.94204781130858,33.836017290291025,195.4835238303658,15.001652335052619,3502090006,-0.2676115151464122,0.5401847125006319,-0.4326452170610366
27.36436078149985,23.420972011811358,18.092207844989332,60.59343340560098,34.25173533496557,195.10425323487743,15.848207065787864,3502090001,-0.2771204408888695,0.5353792583306176,-0.4371276790996906
26.75191116353205,23.05608331522742,17.981804006916157,62.09942432303635,34.543632224033814,195.27686720722718,15.908753466751138,3502080010,-0.28374469216657755,0.5468998575864379,-0.4544246419399439
27.33902717020051,23.978878827261166,18.645358384439593,62.8731778231492,36.05610240153446,195.13383402563866,16.950490829415138,3502090002,-0.2692040257380522,0.5377455882693376,-0.4428925324020094
27.884102702633648,24.45738884741536,19.461778550868548,59.4880072571563,35.08012805887495,195.09286641247152,16.80072206515012,3502100012,-0.25948566764109254,0.5023886852512687,-0.4125989319167496
26.51006441316943,23.18122188428759,17.34478739028367,67.66153134504411,35.9748360760006,194.45363292588442,16.057416765926934,3502100007,-0.30293704979917313,0.5871478832830129,-0.4855103335862561
27.5040271026661,24.205432316983384,19.04146904305987,59.592157902489355,33.20622575735261,195.15273137919218,15.029520302450049,3502100010,-0.28304424434289577,0.5096909929507187,-0.41642695359461823
28.42270607859386,25.028164756176942,21.23391080745607,51.27411467206325,34.730615612785265,196.07117478224697,18.122517934181463,3502100011,-0.1968023766262762,0.40626551791049526,-0.33548460396081037
27.896508576169616,24.64647725156199,19.68676916304036,55.26772210840012,32.841702365431175,195.38802892023216,15.40970385546656,3502100013,-0.2570161218674407,0.46756098312500266,-0.3760303353760343
27.797539788993856,24.598138037025414,19.938879705703553,56.45758030364611,33.88756114626528,195.74364857969599,16.40555900137191,3502100009,-0.24990432823592823,0.47260620350924415,-0.3877173126521642
27.213774744176593,23.747414433981508,18.633343415643864,59.101075770385734,34.28316412057957,195.27955270983364,15.97373983265794,3502100008,-0.2655282259179391,0.5157228048082827,-0.4220735718595588
28.021943914886545,25.016339757484964,20.49744516353755,57.59166467110573,34.781422311512856,195.4684167477853,16.819295468469633,3502100002,-0.24574455215807958,0.47121919119110467,-0.3903465635936507
27.02089514295536,23.44330462766896,18.452600987413227,60.2042136949419,36.0387829799773,195.08622965879653,17.393913744341454,3502100003,-0.24936331741133524,0.5256354567603707,-0.4343262260602463
26.22888032450042,22.74186353522341,17.170682110956147,64.86595194242456,36.92303229034698,195.00060684133766,16.83975130151498,3502100004,-0.2730049096373,0.5774453922030474,-0.4772429563065893
26.32640882027846,23.405351055628305,17.361226442258573,68.79696454612166,34.89625769777357,194.86460278095137,15.42486137041269,3502100005,-0.3256069457103536,0.5939609324032881,-0.48954042186978824
26.63639432034292,23.43694284468896,17.56489135591978,67.19458727593249,35.963431710261865,194.94215806913274,15.98665527443579,3502080006,-0.30030142839124396,0.5816154987435762,-0.47925551894427176
26.624963971120657,23.40575020914325,17.85072444410075,64.72992049041459,36.632677666312816,194.96291134435177,16.801549417562406,3502100006,-0.2749286844418293,0.564072049796482,-0.4653247261544908
26.919549213392532,24.08647920308369,18.76073461521225,63.49276702075219,37.043958137241745,194.78164918650015,17.04061617587738,3502040013,-0.2619131662219009,0.538993104356065,-0.4449735253484043
26.388028839207024,22.937393808638845,17.323875554935544,65.52610376733323,36.11821184958575,194.82577641144215,16.19034723640877,3502040014,-0.2864241348015348,0.5771106757092346,-0.4768586103855933
26.654503022650058,22.776890902467176,16.47763074639051,66.01463800787235,34.379782895115305,194.49381911213297,15.51038821947154,3502040011,-0.3121719507575848,0.5950031274933234,-0.48162059894272213
26.188299358822704,22.318199745332045,15.873274511792498,67.09923599607863,34.297781233449406,194.4833310796347,15.0467445319631,3502040010,-0.3212335375327033,0.6119221306293159,-0.49569949445277933
26.518442853669598,22.626495702786556,17.053565455201134,62.218329773398956,34.52650369836124,195.01203905103952,15.949190570443447,3502040008,-0.28527835389682754,0.5641187707446195,-0.46127854741694474
26.433667970431117,22.889659256663883,16.995012815483694,64.14768083542488,35.122855358319406,194.81511236875124,15.370683581327894,3502040007,-0.2926606652843723,0.5781539596331645,-0.47116491671489863
26.543511650511856,23.117655206187237,17.422000558967348,63.09148019994213,34.17110089360578,195.1948471125378,15.303635513718193,3502040009,-0.2970793128052743,0.5630172474920415,-0.45956396534615224
26.52443651504002,23.089835019050785,17.459709543527175,61.905964542685886,33.0466767355058,195.04333350922278,14.815493334952846,3502100001,-0.30410328514817675,0.5563733093228471,-0.4531342545339075
25.834367694360164,21.975169977514977,15.995274383982208,64.42015834206967,35.48827972217811,195.11705633055732,15.5512825779075,3502040006,-0.2894745076498336,0.5994204249954972,-0.4884731280632978
26.282799208645685,22.792995211782,16.71217489640753,66.09539473405978,37.45134346688637,195.03352090922857,15.897139164510518,3502040005,-0.28079561138206277,0.5898024585665422,-0.47999254607781183
26.294086695937043,22.3681824517388,16.434793365391318,59.895748832671295,32.28809673147959,195.3206146769811,14.342678932329777,3502030017,-0.3002902380610906,0.5640253407919852,-0.4507204066542332
26.48407952382751,22.81040205392141,17.119955930578737,60.591327710637295,33.33745125218012,195.04538792426268,14.966945945354718,3502030018,-0.29206447604399116,0.5561167657303506,-0.449065859148718
25.62204658461002,21.46139001748589,15.481039855190128,62.90069618814345,33.412788461702824,195.36499197494888,15.094316144283408,3502030016,-0.3088145661178237,0.6005378738989458,-0.48665601018867033
24.962213451852055,21.497047807630004,14.794682173628692,71.34356124904039,37.30364474386087,194.91830990180733,15.213175828394576,3502040002,-0.313528651810363,0.6518401066658278,-0.531852332875779
25.699699253864154,22.679924817069498,15.934907523986519,73.06035534600926,39.36438064529609,194.79225382310804,16.24191938446857,3502040004,-0.30104063000253095,0.637741951141233,-0.5219567518264763
24.61787380182031,21.277573187280527,14.213629357311842,75.23266885438623,37.45923437504501,194.6222167801344,14.812290795732551,3502040003,-0.3375767163499949,0.6756095889943091,-0.5508380425713677
24.801533494241067,21.390975398035124,14.556719596883402,72.94235200711356,36.83121718326537,194.30884845020222,14.810808350270946,3502050010,-0.32881289961475607,0.661036715465374,-0.5394817774361402
26.444326633241978,23.06963525651708,16.909611248277013,67.37329594510676,37.18948711734501,194.60988313970222,16.022101591965967,3502050009,-0.2892929862042482,0.5960127846975369,-0.48710669886350344
26.320516945292912,22.565602162713272,16.13607836910697,69.01364439746136,34.727233222885694,194.29138340944877,15.055941820673635,3502040012,-0.3278033834503743,0.6156588929022897,-0.5022129499029228
27.051191212960763,24.059375560324142,18.766740316152962,63.213677982081194,35.95097778369029,194.67766974567806,15.766341220769155,3502050011,-0.2723665049182037,0.5343757251620312,-0.44119333170674274
24.26745486000051,20.471783987051566,13.83545828123937,71.44366222777874,34.53410844260937,193.8809428275127,13.675136413417434,3502050002,-0.3502068723535555,0.6680250766329097,-0.5457893625318367
24.022102456680972,20.627030683937,13.54982253618606,77.6986303997391,36.41814366696743,193.6072467254504,14.108575406336563,3502050001,-0.3624441122770284,0.6978630807748238,-0.5745006560122797
23.585792742791828,20.030817659533568,13.30098707095215,67.10380223040178,32.30925470969979,192.96686998392596,13.083394167683238,3502040001,-0.35370141744083705,0.6588250892154419,-0.5277524453218654
25.43698733092639,21.599015410213973,15.355482322213286,68.14580331240468,36.4034804528019,195.37962474218963,15.40849786666689,3502030015,-0.30301397747535974,0.6250851624895346,-0.5116019178978786
26.04962928959107,22.2896175992608,16.146923243830482,66.13972453921355,36.78355766860569,195.52660214352252,15.908275189192942,3502030013,-0.2853523633622037,0.6017931996376108,-0.4900401869222082
25.514315419183987,21.31419048139445,15.13131463795361,63.33560121511603,33.870591918622075,194.8079325158718,14.333781790095635,3502030007,-0.3049228954170807,0.6076737690242552,-0.48882111470819706
25.249111843606148,21.12176512497438,14.251153607417814,66.5809611137787,33.325082019417046,193.97010796939665,13.312486676145134,3502030006,-0.3379409811298771,0.6374283061175625,-0.5057435527945726
23.54190966196657,19.41193470645809,12.859236465629333,57.22489553306736,26.430547725502915,191.84487930381215,10.930845540587752,3502010010,-0.37806775902656564,0.6180269591601423,-0.47380506269514727
24.3851156572533,20.60853266585115,14.12019989841405,67.37544925799368,32.39268187989796,193.25529893287498,12.751058645602434,3502050003,-0.3548359637487564,0.6477926968068285,-0.5235916158322406
24.442074706228375,20.070649844669685,13.526182773958734,66.69097510599481,30.777911927862736,193.03414844391247,12.02640220973337,3502050004,-0.37139370276311284,0.6536670623344712,-0.5262970571242064
23.563134665414765,19.059500750813182,12.743520055719065,57.431319615671356,26.89910330644464,192.12499084266258,10.963993703290935,3502010009,-0.3717189441065256,0.6214156263221358,-0.48171458882859247
23.74145542396192,19.017245027993543,12.462987753159286,58.93113476942335,27.368005022856515,192.98360243393753,10.764072789820968,3502010008,-0.37557798140160153,0.6412148428966136,-0.49859527968154904
23.781519575744994,18.74809620877829,12.509431322302483,55.45368141567358,26.10198576168112,192.42429457099735,10.35627074940874,3502010002,-0.36496145876849145,0.6222561098656872,-0.48228030772079983
24.44643699497715,19.593137207828782,13.1869824836941,58.969221871835366,27.57892783252188,191.9680804967325,10.790108291490396,3502010001,-0.3700639585120181,0.6250242397822636,-0.4889358770590073
24.301742315611843,19.117419483770348,12.746692111198719,54.37054162008623,26.147445625763805,192.4113990535592,10.27620198938777,3502010003,-0.3617650894809393,0.606148673255693,-0.4613238584736858
24.69015697764474,19.987160519919694,13.387700329618314,62.80110386668196,30.440490287333972,192.41558579268352,11.734757143539586,3502010011,-0.3552510383514525,0.6389745206472667,-0.504442178763761
24.498108327993915,19.923624085556085,13.422604329496439,58.259180422279094,26.87240691848509,191.8877985784408,10.872947253738982,3502010004,-0.37644307635026064,0.6117787445194379,-0.47319034488880474
24.61610875087373,19.734598227682817,13.20371065634092,56.50977341413439,26.03631486561727,192.52286311310635,10.484030585721552,3502010006,-0.38178847824336254,0.6033988384082989,-0.4597641008113948
24.222535406490685,19.373730086337492,12.888090479451698,59.374227914446585,27.948926236638933,193.17070596890014,11.030646238137,3502010007,-0.36918586067848225,0.6297550122587052,-0.49098542927293964
24.919901895220463,20.675756207200227,13.810003926568124,64.68743717605221,32.147296358987894,194.14519594214946,12.840076913196311,3502020003,-0.34464360831816626,0.6380132687149295,-0.502343848090043
26.74110163949333,22.45827401724852,15.662127998897994,63.92813702315702,31.108152099394363,192.7578080818989,13.033804955444177,3502020002,-0.360642444539548,0.5862518329256652,-0.4531614790024953
24.14509230918429,19.653654022264107,13.307463715292092,57.49628483670135,26.189780912187693,191.98390185369865,10.660518924017975,3502010005,-0.38194400684887814,0.6079067976297065,-0.47050304029164075
25.606768526053703,21.827808164941622,15.224869312969828,68.91609852442073,35.827253303566636,194.14380302247199,14.52387893324853,3502020008,-0.32036809315177484,0.6333761871615448,-0.512539169947307
25.547898258445436,22.41239831211701,15.14093767783271,72.14696113938406,37.638881740858025,194.06326644247054,14.921064175916966,3502130999,-0.3181103591662032,0.6435617183257806,-0.5147585454057569
25.779384225809167,21.807831400133104,15.321872738289875,65.18424762070288,33.089976188074026,194.15406543584928,13.773704472011538,3502020009,-0.33011414196981437,0.6161391293543256,-0.49428175202811253
25.067722775120842,21.258699179986454,14.673072537446254,66.58131115993841,32.64609710912917,193.69554320508888,13.2793629457297,3502020001,-0.34982941142879104,0.6301911265393392,-0.5044402761961206
25.67634402338126,21.628896653832136,15.100263028598992,66.60690249475971,34.86773277701263,194.71767567573508,14.260470857464432,3502020004,-0.3163658995817239,0.6279272270771653,-0.5061025279363174
26.048350807283146,22.241251311956958,15.581178201457089,68.76663325429959,36.67432483592203,194.86350928347403,15.18616091902136,3502020005,-0.3058621996018633,0.6280948865021991,-0.5083471637623473
24.35190550934916,20.573372857432393,13.473561177070438,69.86516422981178,34.78985546104227,194.22568272685376,13.592926470815453,3502030001,-0.34223354115844373,0.6638526853603728,-0.5293897298932875
25.337146000237517,22.145319634799343,15.041184888934566,76.46666436429766,40.31792992318795,195.36733174245248,16.160366177750166,3502030002,-0.31134757124307744,0.6663733159836692,-0.545416722893865
26.12759363536705,22.03853036297671,15.887579188533019,66.30552682605614,35.469235722350845,195.79670641370123,15.571509092202549,3502030005,-0.3005882617667738,0.6072990671377808,-0.49496373324520254
26.197799698002612,22.846623186908875,16.038102580749882,73.43388888069143,40.17571921126544,195.4434578703774,16.561707810125288,3502030003,-0.2913558479636684,0.6364113550030298,-0.5206506173199033
26.017110772798564,22.930604341552066,16.266195769580786,72.36396432408837,40.24455321477273,195.20327104790903,16.4261094148232,3502020015,-0.2886269611754576,0.6277863430225389,-0.5132173340558323
26.122939631073606,22.436696927483123,16.406044995434378,65.32178217821787,36.427922537296226,195.56589908282612,15.906063694188116,3502030004,-0.28459096688941793,0.5921470284547259,-0.48194389520048353
26.10738873804371,22.625194452981205,15.915131372592505,69.25084513780425,37.07262482218048,194.99995405998823,15.616369218291101,3502020006,-0.30400069838420535,0.6216988291219105,-0.5027151490046557
26.47582743330311,22.32797226781646,16.345412675469763,63.865138783409684,36.62694823489063,195.32003723756085,16.370131556383058,3502020014,-0.2725900862550847,0.5897536289445874,-0.4788099727939883
26.077518355712517,22.455153611491472,16.384877455101567,67.02384441081568,38.506985979998895,195.54848950701813,17.013267356857483,3502030010,-0.2707037056081792,0.6047318446069422,-0.49572640526820344
26.48786218026851,22.25097926315706,16.518379046290164,61.878604991300165,35.153830473997026,195.82009506838037,16.294562777913224,3502030009,-0.27703447241001355,0.5733097364098233,-0.4654577741161997
25.783318010736696,21.825673634449533,15.621000850260172,65.6992996389753,35.01779788375426,195.3855958634747,14.97759382131485,3502030008,-0.30509323610458694,0.611856642229374,-0.49701422548427243
26.59803204721479,22.95283359015422,17.225696185958473,64.76544903364862,38.37213443313095,195.49658881469645,17.26636653875982,3502030011,-0.2561540318707956,0.5774994570779312,-0.47414429162817734
26.253135808699934,22.4412294728989,16.864797478735763,58.02025898364969,32.28924320929074,195.44855024562594,14.50563252408944,3502030014,-0.2893999362351589,0.541076281609902,-0.43365812978493967
26.760841359730122,22.674074865548288,17.22624686873004,60.781541237786534,35.81109601656664,195.48302202955477,16.694072592886545,3502030012,-0.26111624145198714,0.5538021804399703,-0.4518680939340557
26.625573187777896,22.52038176677818,17.21382987470511,62.39253163996531,38.40757841208803,195.40988697527612,18.28305830861379,3502020017,-0.2370888607810268,0.5641487116995428,-0.46625481349834885
26.601035072495854,22.763288315833005,16.73192554155917,66.54640063828178,38.62676240893127,195.48278017521702,17.171580931526435,3502020016,-0.2631202558680044,0.5938211540968594,-0.48624583022025386
26.778802127631455,22.900678215574715,17.205505048056796,63.34736183395842,36.61883315191764,195.59172656322315,16.589657542999927,3502020013,-0.2668467226062727,0.5696170868099859,-0.4657914039104389
27.17810185988334,22.95414205235436,17.362814203409346,63.137808953370595,36.730296376103695,194.91501100225568,17.16393360298751,3502020019,-0.26431000969728435,0.5656423430528744,-0.463691488838977
27.041355025569715,23.103302443624603,17.675089096313627,62.4801792902311,38.856979976569534,195.52329496199837,18.554090590398882,3502020020,-0.2322944567117101,0.5560507735585025,-0.45703428230152443
26.64993216027136,23.104004663981343,17.344515581937678,64.03260758956972,36.55435658257367,195.71976680093272,16.30128047487811,3502020012,-0.2732491840344083,0.5694809625570755,-0.4654454469510213
26.587757855853727,22.87412754904109,16.921871573869485,65.8488808676438,37.69216185673079,195.56143842663647,16.96856646482365,3502020011,-0.27227546884837156,0.5892211744930245,-0.48223363064212954
26.502097206523555,22.893137413208482,16.991208784111095,64.68567673179402,36.740149846601035,195.55222606168246,16.449756822218642,3502020010,-0.27687376940268166,0.5824555566006956,-0.4755149500540678
26.228207405877185,22.529131849403477,16.136700924443517,69.39430770025311,37.12789133915193,195.50981356194796,15.75533853225223,3502020007,-0.30163791825067315,0.6189247705933607,-0.5061813827454127
26.31756928027495,22.422028672668457,16.48980473982209,62.65342052179677,35.6660398578374,195.2455934383195,15.734493652309876,3502110001,-0.2752848114530158,0.5802693783805749,-0.4694193795895267
25.92831220445909,22.053282753103577,16.044568804758974,62.488580179831395,34.38262653124221,195.24631013327536,15.457311515890956,3502020022,-0.29125945937373454,0.589228380283958,-0.4759446740270639
25.948391735509006,21.79573248788147,15.646698129309758,60.107492148562876,32.64653384652148,194.63976411551857,14.34051341571654,3502110002,-0.2968140162692896,0.5836256709188625,-0.46413482303201464
26.25610896938827,22.25060089354457,16.06636182759943,61.88460360342961,33.825469055707195,194.70833413820435,14.686492244264953,3502110003,-0.294622601066029,0.5865838147330051,-0.4693309965424073
26.596165185914558,22.90199809839268,16.840054791119435,65.60358963652216,36.37956392814521,195.0132040390819,15.832877210900662,3502110004,-0.2856643109166507,0.5884247339546812,-0.47933678282061
26.325291600869875,22.53891306523227,16.73407806775832,63.39028216762145,35.91268887852959,195.1755965644916,15.882254509776166,3502110005,-0.27453552874009585,0.5768252734748709,-0.4699693955461201
26.14347486759358,22.005294000884188,15.750518798552786,60.63579664901248,32.095379986105215,194.3956718666822,13.905903476401427,3502110006,-0.3062702587333878,0.5820875449397998,-0.4619566628329353
26.328854298091255,22.65832472313229,16.56698447971597,65.63582858979038,36.62506713649229,194.66821390681636,15.757532123116938,3502130002,-0.28270247659276726,0.5937301969617855,-0.4834259019829103
26.299617382596544,22.396402478459525,16.094700519475115,64.29881042288194,35.866150668641644,194.7179287755828,15.461797091773937,3502130003,-0.28165766529642094,0.5952874439952359,-0.47896319387624875
26.4503127810533,22.28684320975321,16.195762965923873,63.544894573798445,34.678003397621715,194.6456560407716,15.523743379634285,3502110007,-0.2932485419073477,0.5910627312360508,-0.477819123475708
25.963926563457612,22.022417330597662,15.789464147725772,59.8118201923846,32.199834794425676,194.60109781768767,14.119030616323395,3502110008,-0.30120653469695935,0.5804457358184586,-0.45941745353316543
26.00500241611865,22.09059394499655,15.989194697144786,62.52331239363826,33.40376704414148,194.96571212471375,14.932296153118893,3502110009,-0.305605430140709,0.5908428828780434,-0.47539373319386435
26.324167389436568,22.061669578105963,15.925593383906866,59.75332779549074,31.730272453712193,194.25524160874332,13.83213821803627,3502130004,-0.30711429358181286,0.5765926348668098,-0.45783141466654914
27.16010024550938,23.069591697500606,17.314308017150804,58.43306757234559,31.5267869147988,194.41881881607713,13.965984751527593,3502110016,-0.3017700243989289,0.5369426753833386,-0.42788462480252243
26.967698176187817,23.016446542310725,17.04136254965899,61.63748000292663,34.06479941625354,194.73777088742517,15.241612105224654,3502110014,-0.28845898070886483,0.5634975355205685,-0.4530080001004584
26.805117570666265,22.814699783176245,17.16701858786658,61.52722395609846,36.566964901767705,194.95380348997446,16.969773214039307,3502110010,-0.2548272725623373,0.5613569034879249,-0.45633419835953026
26.412651761785746,22.395345072575868,16.712110365667215,64.06626616544062,37.50679353202513,195.22771732287737,17.434530640142476,3502020021,-0.26183742052198994,0.5841437410664738,-0.47984628971090576
26.62395901346126,23.168584158242464,17.19204434871579,64.26872149716948,34.4121018359388,194.88180847098533,15.027327694682315,3502020018,-0.30263764371688695,0.5759556519853848,-0.46802829779829813
26.753188795291315,22.949291267326057,17.41579044355774,61.278990167691205,35.48876372719129,195.32824658678945,16.663404434665043,3502110011,-0.2679661385256163,0.5539814716502511,-0.45153657895673827
26.492635781256272,22.88307052134134,17.337275883684022,64.23761553132185,37.61666718532581,195.07664966946606,17.113168459004438,3502030019,-0.2615407085789389,0.5724517183840551,-0.47208978529903783
26.755581307493916,22.9028981863104,17.29845281868326,60.27372124012591,32.553704331305966,194.75524604640918,14.46576024702424,3502110012,-0.3001805302619323,0.5506200959456848,-0.44564445431210103
26.92370217119982,23.393622451847925,17.50656307273689,65.2540438737534,34.69113304923712,194.54272687407942,15.636964368035784,3502110020,-0.3044977561724864,0.5723848539533521,-0.4680427076473368
27.194621371989854,23.312250431081452,17.861119419545965,60.70210792266315,34.849113922654865,195.21185498021381,16.521482396302694,3502110013,-0.27145433505281746,0.5419591610854315,-0.4415448167573178
27.311698078712933,23.560493119266056,17.624393365243982,62.33733047467094,34.01920871559635,194.91180112352092,15.399647653237599,3502110015,-0.2942262370176716,0.5578003519540048,-0.44984835000662665
27.373935709718037,23.363510810628224,17.339355211742504,58.044353349872836,31.04930890853584,194.7458665707189,13.632964992136161,3502110017,-0.30516374094885024,0.5367083762001382,-0.4225753067450427
27.244739864617188,23.577472737830497,17.830289722007908,62.05386802212396,34.22354338964392,195.16365563844863,15.090034107531235,3502110018,-0.2933664772833283,0.5472533451376161,-0.44276647420721177
26.972633892973313,23.1110137074981,17.355673413927324,61.780086618036044,34.199170907938424,195.04270717608026,15.187786486035417,3502110019,-0.28963442459591776,0.5579038995658433,-0.45169277519822354
27.23878626781628,23.779741745712638,18.36845762551781,63.77650119862021,36.47198871992773,195.23876827727054,16.965386189557403,3502100014,-0.2701844756233524,0.5484007829842553,-0.45244132312822555
27.807773247549147,24.42823158171933,19.106362181740273,63.66480547912195,36.16370862818877,195.3665736072897,17.49953247147408,3502090003,-0.27497340747757804,0.5333228463467172,-0.44008933979806586
26.894541526531395,23.22129227998617,17.68454350886506,65.08501187720287,36.690808019379894,195.59325032170946,16.642477715545194,3502090004,-0.2782418464180823,0.5686451423916866,-0.4698599752431225
26.860385752802273,23.302349834509506,17.65238019075475,65.03858996872985,37.29720232927059,195.53581220908603,16.783747657999374,3502120007,-0.27162157610964843,0.5709139101757736,-0.4704193554367215
29.20818381447164,24.97686251405924,22.345803652723472,50.21782443361364,42.40204059771839,197.94376305500518,26.805741524288997,3502170009,-0.07419286978194883,0.36953099623829244,-0.322362210198055
26.962964565770587,23.42292059755232,17.640677526008773,64.12579584206058,35.31602762727413,194.78140698298418,15.978656372795102,3502120006,-0.2899981795324371,0.565758407643021,-0.46212437106167953
26.334826404339992,23.284440488961,16.668241110275687,68.88114950192995,37.972238922980154,194.79886645639994,16.111393047803848,3502120003,-0.29012088922215357,0.6071060897409957,-0.4914522953251884
26.882748079547895,23.40900271852546,17.195096502013513,66.16890954416759,35.93051967828904,194.93068888111816,15.181024466729085,3502120005,-0.29671041078268445,0.5839527217247348,-0.47368671738131635
26.940778015856758,23.324361747572603,17.215141293127587,65.24801394178311,36.472351554116756,194.87437324863726,16.558214082968576,3502120004,-0.2804058188625115,0.578076483356163,-0.4691726023855836
26.930409762707374,23.16331122393506,17.049010095602945,64.57989912761285,36.97061025285015,195.26713408667007,16.806567160433953,3502120002,-0.2707604085868788,0.5794020891350987,-0.46900344164516933
26.61144196254697,22.851991863072215,16.83287981978758,65.58091137801448,37.71185091422013,195.1220394425203,16.98760381688227,3502120001,-0.26791028453116894,0.5880051405361808,-0.4800229008163041
26.655321072717854,23.12003347475595,17.397138042983208,66.52035969657332,38.81629044959831,195.19553901761014,17.82091566470502,3502130006,-0.2623304500105354,0.5825455919573349,-0.4814239089089847
26.74150528111688,23.01451623406222,17.375996422819277,62.12268948421736,35.74393811130065,194.93552913188236,16.032048760793398,3502130005,-0.27312475804102593,0.5574028316389443,-0.453616900725334
26.25989777969927,22.46369368767221,16.48644578440671,65.09863302979717,37.53430370140368,194.87278809635208,16.824023208966143,3502130007,-0.2680107725609956,0.5935217157773394,-0.484540061901516
26.493135549695502,22.595817146112587,16.836371012641294,65.49544640968935,38.87105857487512,195.05119837327283,17.676594280683176,3502130001,-0.2549325849761491,0.5888953170214585,-0.4849193067786596
26.2625278245228,22.781686263559482,15.861595295934325,72.0730564865138,38.8371385629124,194.05580500060435,15.871625082850944,3502130013,-0.3011770468088532,0.6322909589926581,-0.5118162321684006
26.621069842501395,23.004053936756094,16.80583706663974,69.84760138384766,39.84625420495189,194.78225745022687,17.204375275680086,3502140005,-0.2754456559301257,0.6090714190792724,-0.5015601101680863
25.893913830348655,21.663017401734816,14.668468539357624,68.71934315518598,34.81604154676769,193.34934378651133,13.315227455928314,3502140999,-0.33142375429547455,0.6381176914169424,-0.5085816131769154
26.559816433335836,22.97372516949377,16.864562258645158,68.41154668003267,37.295581696906,194.5587449851966,16.033984995667534,3502140004,-0.2952538932965226,0.5977310597692186,-0.49070722244049875
26.16376729619905,22.65042317721869,16.048534579921213,72.00950745083013,39.09966062642697,193.90231572555635,15.831576298748537,3502140001,-0.29983724157632863,0.6293929534803561,-0.5139007467980042
26.171849248927057,22.47807349785411,15.963438841201745,71.58775858369107,39.450443669527886,194.56043454935622,16.453883047210308,3502140002,-0.2893976223381333,0.6314768337424469,-0.5182552368058496
26.758901240048353,22.753247589913315,16.73191843604324,62.758658645962655,36.025255453585515,194.92013722168363,15.416880320586573,3502160018,-0.26564267233643457,0.5693400590346098,-0.4579321721906937
27.274388594307933,23.552243995747812,17.617465642246508,67.25773964493278,36.2589411319121,194.42329659382415,16.5000501282647,3502180010,-0.293669347368578,0.5756762689741276,-0.4730015840564088
27.13441105993017,23.180341467623553,16.849239879567488,67.11996324659141,35.72458028001017,193.96543317706596,15.831201494356073,3502180015,-0.30060133445160264,0.5925470364205339,-0.48063932388334885
27.290164044684758,23.464647281508626,17.21479380716901,66.47288714801813,36.11985158471907,194.14788362499672,16.12343946168235,3502180011,-0.2905613832327012,0.5814680870587479,-0.4713173343338239
27.204952021318576,23.323852116519106,17.012378061653326,67.43848810391599,35.47870634816313,194.23598082446048,15.897073878007907,3502180007,-0.3045535242554946,0.5883587540855382,-0.478136777162643
27.41546046526219,23.490885848950555,17.62011256427483,64.26967587449056,35.84328836164869,194.79376374050082,16.57938186371515,3502180006,-0.278134487999844,0.5613694191737432,-0.456982334806444
27.082410951168406,23.009250507460827,17.085549546943792,61.89422088621,34.007034724266695,194.6414993638447,15.265227698839418,3502180003,-0.28243479410115113,0.5496188928300483,-0.44102764243277753
27.27603451644501,23.54975939672562,17.342588267565855,68.12175340849247,36.302713725449614,194.49698841558967,15.820289603790648,3502180005,-0.30025789355020854,0.587756702605367,-0.4803943514760729
27.074520396529547,23.204820831526177,16.994563914493984,68.0316164050648,35.36243162573823,194.48333397384175,15.480077446604481,3502180009,-0.3108198750327924,0.5934246940607191,-0.48504132932250155
27.10645530365683,23.22922545584909,17.119931706936146,65.71126066487531,35.271010588264524,194.45538647934583,15.290924665840809,3502160017,-0.2981801597461662,0.5815390537420307,-0.4726045650355734
26.819867847816557,22.67096459236712,16.49752064125211,66.84339049182363,35.148572550770574,194.80624411192832,15.51778533468332,3502160013,-0.30885636825458196,0.6002736284418894,-0.489718871540664
26.73548403238349,22.693424265106017,16.388024443995032,66.62681625513159,34.0950321812575,194.83894359575265,14.469900568566825,3502160012,-0.3215004772163974,0.6022028881490276,-0.48875146334205877
25.908996042315614,21.866566566338527,15.457119958623169,68.63785649349617,36.84709997653188,195.03430961532803,15.016472693800118,3502160015,-0.2992508537858544,0.6288157471326581,-0.5130471724979472
27.033522315599402,23.234380630237922,17.125321105183016,64.71455008465938,36.66440004184539,194.86794634104763,15.878135013347897,3502160016,-0.2718729849276469,0.574913465527155,-0.46496831249253806
26.4960910384562,22.545456320283225,15.895703179230873,66.62083940719145,33.632171491045405,194.91408527696797,14.153132809246152,3502160011,-0.3277315178394937,0.6119221325564691,-0.49152305280126257
26.241078979973373,22.010207600577992,15.662213698766953,68.82526847323702,35.406114729591785,195.18041776027326,14.973817422594529,3502160014,-0.31864948646841756,0.6260576151511178,-0.5121155453710223
26.37379211183326,22.53861957082065,15.995550650440194,66.45093459715163,34.114628713371665,195.08509546865042,14.63998804746646,3502160010,-0.32096908255760404,0.6097211289577505,-0.4909948323649039
26.387486912059217,22.616501479064393,16.235417746739454,69.63264564463834,37.698277474510284,194.9526648572271,15.85509133603734,3502150011,-0.298139640159052,0.6181480445612737,-0.5046038044942586
25.14080993293527,21.28741167175797,13.979865886430133,72.92652941693554,36.711218198582095,193.90183428533928,13.301837817402767,3502150999,-0.328398399662734,0.6729645324488837,-0.5420974562523937
26.535652978852315,22.599961883759093,16.14432033977906,68.57340167030819,34.568225348661485,195.18373457483392,14.891741027368823,3502160009,-0.32782619149143694,0.6155237198195921,-0.5010496818082817
25.611202338978252,21.7544573284258,14.620189717472506,72.08159641990567,36.963892922463856,194.653558395088,14.299312897769788,3502150005,-0.31986030345605926,0.6573387923270949,-0.5307286794054571
25.64452098075443,21.666101538916053,14.735120730314131,74.61059475312896,38.045487240926086,194.28768998617815,14.68736575960048,3502150010,-0.32123989149488813,0.6650242349463567,-0.5450201826533894
25.584730833553287,21.68824859329696,15.306353403733404,67.55419484547998,36.13901758085651,194.32952098349264,14.611424720304518,3502150008,-0.30214234348484903,0.622092468002212,-0.5050367491554074
26.099817044297918,22.334665779418003,16.35291100927677,61.61580718388226,34.59601870773178,194.53887297399748,14.907922784198782,3502150009,-0.2758588158125185,0.5675247118377934,-0.4549150409643533
25.63560514846782,22.173892214553387,15.726806316313091,71.21917730785101,40.74797068516225,194.52114953054433,16.68938552459767,3502150007,-0.2712818614461282,0.6338850268205377,-0.5202888530708588
26.053021586167066,22.08391085565212,15.683780681149349,66.75715760924317,37.37893903803429,194.55395149873016,15.769210681202372,3502150006,-0.28153549898988395,0.6140164241995109,-0.4969962029428664
26.607908460090194,22.560599325082126,16.15193026252307,66.47840371821407,35.094934650335105,194.78743555010388,15.081673680099552,3502150004,-0.3081589795606426,0.6061624624903147,-0.4901997812716976
27.034392037702414,23.1177167644197,17.262634059369358,64.67756717237334,37.511879848016235,194.80280702517308,16.713068104605735,3502130012,-0.26541736525081466,0.5757545908536934,-0.47053294980847327
26.670038159165102,23.02183960890686,17.04823226518323,67.16521692489235,36.762954959925274,194.80955664873645,16.532223805802047,3502130010,-0.2913304521655935,0.5925180694443364,-0.487081056052599
27.043429526506742,23.574775766660252,17.564210214472535,66.19046071467264,37.01402992136082,194.5585062754384,16.70130151508118,3502120012,-0.2799025956746339,0.5764125476792074,-0.4709809954673397
26.476824778181136,22.75028325558536,16.070442258111804,68.68953290852181,34.06124184077329,194.25770308606315,14.49723125210179,3502140006,-0.3358603080785311,0.618160236466211,-0.4998060147736374
26.512285905098356,22.726344358777435,16.521688004058603,67.11671296906492,35.90330174265391,194.49760805713274,16.03957216731303,3502130009,-0.30176727914113644,0.6014694514637451,-0.49099060169941666
26.903120781652458,23.104005399484834,16.409962250499902,69.32473111436398,34.9438229156548,194.4697250349192,14.816563221201323,3502150003,-0.3266821130335547,0.6133214343926069,-0.4964480020866468
26.264125489700476,22.44114747883231,15.80031277644381,69.22402217869328,34.31344148868946,194.24125647668396,14.782347087071903,3502140007,-0.33467876068405156,0.6236251881878835,-0.5061594593787121
26.743957660853432,22.612866642442487,16.276014280337154,66.11304017689112,35.901989698734425,194.45059482394825,15.705274958408765,3502150002,-0.29335933570991485,0.6005128616672875,-0.4861236722796975
26.32554953519164,22.417050292872084,16.16746084021469,65.5348703507945,38.177810521857275,194.59285728387314,16.06458261169731,3502150001,-0.2636561925037369,0.5982014210880412,-0.48355714781360887
26.665927620329335,22.96413909471425,16.599164869269128,68.77307594768246,37.5157195909215,195.0377064286984,16.062275743796125,3502140008,-0.29219905457636075,0.6064994836459475,-0.4949624915430725
27.760322668008875,24.35184811898601,19.188871836791247,62.21125281802755,39.26260367805919,195.7352593821921,18.5169291879011,3502140010,-0.2252900161510601,0.5189572977416111,-0.42771825829476967
26.625607080226416,23.145777206020295,16.88840184448789,70.46205035075745,38.87659291766136,194.97228993402268,16.77756912429071,3502140009,-0.285983390853867,0.6058397781906416,-0.49846628381642727
26.443341549530313,22.731046781909455,16.688173717652127,66.92872344064804,37.507995037873144,194.68751924264546,16.50478117848714,3502140003,-0.281834214098947,0.5961068672519227,-0.4883403166068325
26.759018597991815,22.88112265066307,16.953248737973198,66.35349802255683,37.27382719925564,194.82139270265733,17.19489969038026,3502130008,-0.27930151719676705,0.5893156122835215,-0.48361913983286464
26.842063008217384,23.086556873116347,17.488783798868305,65.44637689870434,37.410094366354436,195.362219970634,17.40153570723248,3502120011,-0.27141763162468907,0.5761733242792056,-0.47646868327167313
27.037576585974104,23.51980144599113,17.723841535143286,66.75892820268923,37.17092377439128,195.04902168453847,17.107905790758902,3502120010,-0.28236351438555923,0.5760728148696103,-0.4749159992693408
27.43772065557205,23.99218113493543,18.290703255755215,64.23387122240824,36.57638235386998,195.07738655382593,16.59859475163421,3502120009,-0.2731797251290079,0.5538968911654722,-0.453348713314096
27.61632082309318,23.934128740904395,18.502884834165364,62.927239494728404,37.18617841218851,195.1550803670048,17.356015206971232,3502120008,-0.25569725831086726,0.5405907736362018,-0.44416158212425794
27.71131759166787,24.11396260363662,18.77296848496381,62.56241380130316,37.10368018896342,195.13290650116548,17.894952521361425,3502120014,-0.2538076877866834,0.5331794185904397,-0.4380833242028209
27.31864430771783,23.906962725051784,18.02676703950565,65.70314395261379,36.690605483002614,194.98187504728617,17.149866134295237,3502120013,-0.28024116010829275,0.5640047783529093,-0.4611211081469965
27.31788353331978,23.636411090773525,17.850190947506384,62.28198992158724,36.72511694122436,195.22246175400542,16.645129143786868,3502160001,-0.2570347549850672,0.5508663359186323,-0.44572212047497906
27.677446018402733,24.00981703947178,18.63749672765352,61.253679571831704,37.94286240631395,195.28484200626377,18.032757400351006,3502160004,-0.23374047735923603,0.5303666787179511,-0.43337639723164606
27.259316720325188,23.554431684707765,17.607192773425947,63.339338014720184,35.38300842480629,195.16504339155497,16.570671195950688,3502120015,-0.28061856302764365,0.5601187547493823,-0.45306842264779085
27.326474499151193,23.70286651205472,17.69539769038506,65.68338154993226,35.736679436555455,194.97917337193135,16.383760600448383,3502120016,-0.2924239390815829,0.5706072505681747,-0.4649283194248585
26.779004163480327,23.227066870592232,17.101890559945623,68.11049791825985,36.34315574815194,194.4733494774408,16.421573625626646,3502130011,-0.3011137640339898,0.5938026266626526,-0.4871453245114186
26.360727665388545,22.841958658380747,16.335869804751212,68.20835206487736,34.986865882145565,194.83887125920083,15.30408127286353,3502160008,-0.3203611516872879,0.6100163145250274,-0.4949508785216546
26.83859905971903,23.26369329715551,17.12419893114285,64.58374672650679,35.33571082241495,195.20582590621234,16.084280884960766,3502160005,-0.29169980945870577,0.5773201615717535,-0.46665911436034013
27.218126841653824,23.77609951673386,17.778863645120815,64.63226546989175,35.078087133925415,195.1708791063938,15.404140717051035,3502160003,-0.29532885512089646,0.5644890908916491,-0.45809353626890015
26.98951196029133,23.434186460271054,17.615323256589324,65.76058385290582,36.03831748910229,195.20042874458238,16.346625661734258,3502160006,-0.29058348033483894,0.5725617364180576,-0.46966256188008665
27.709442036539183,24.144401163109645,19.114082658439926,62.3845942832062,36.58769534629521,195.24410110107166,17.514849061620325,3502170012,-0.26455033853190435,0.5236403842712934,-0.43496314111349826
27.692334973441664,23.753050234602092,18.352355600487538,56.19530062084967,34.20103216759271,195.66448846149154,17.000856063169312,3502170011,-0.23715324508737076,0.4930250236239864,-0.3910093636931477
26.491546469672578,22.580310787586516,16.386510942950284,66.80390419032365,35.233182168554734,195.2124884901818,15.256684692466651,3502160007,-0.3072021879046009,0.6014891315913283,-0.490350569633887
27.406738340095664,23.885386956172482,18.366169706343182,63.078390511388896,36.647692122283416,194.98811663921614,17.098227915478272,3502170019,-0.2602805211680989,0.5407063130000075,-0.442609668702357
28.892909214082255,25.090480328122403,21.127736500666465,55.5923322754286,39.41792154812496,196.82342069026484,22.370036008041104,3502170013,-0.15980116184554297,0.43195309489705896,-0.36105194541446073
27.175576109534244,23.383815644949042,17.350355616456234,66.91421704566467,35.19460757125923,194.6896784226725,15.696208932824387,3502180008,-0.30736840811187255,0.5810510320914806,-0.47536841749135333
27.92778865042409,23.891923178947202,18.98926602913978,57.27632059868683,35.73324719426641,195.3243954883339,17.873496590090905,3502170017,-0.22838170544026384,0.4888966113369799,-0.39736668443430456
27.578213679677944,23.54489542436292,18.411689879317553,59.851857220329876,36.18234322401354,195.08665445430498,17.722487823042396,3502180002,-0.24227705446902031,0.519378482255332,-0.4255247988860985
28.109133969148072,24.146441601667874,19.50789586781395,60.250692660089044,39.155967849599065,196.2113477382249,20.562880734448303,3502180001,-0.20560631820075675,0.49928869347860194,-0.41657145963194003
27.171317303437114,23.623183360377656,17.904398878890696,66.64454934356101,37.21882873580174,195.64046614544927,17.539483699660728,3502170018,-0.2797419801619043,0.5678715038478361,-0.46857261417262364
27.740359293927426,24.056449299924367,18.752514796756433,56.38690584830394,35.82523401037728,196.06814590775147,18.30316272521054,3502170010,-0.22212618876394255,0.4943936526589303,-0.39476357733019773
29.786261478857423,25.473812102936442,22.88834401928349,47.18725297889155,41.23203638102486,198.00052209893525,26.349908754672054,3502170014,-0.06836735895030122,0.340974909462419,-0.29100173466128987
29.055804648632506,24.935355228176064,21.89793715835008,52.99174336881084,41.79200923058025,197.77106055155355,25.202054944765678,3502170015,-0.11555517346519201,0.4063367120222603,-0.3501911815709837
28.02090943600531,23.856897935815507,19.101650351913275,58.237210083824436,37.98412189703348,196.04082318458174,19.85093936885863,3502170016,-0.20204328073171604,0.4871279609118997,-0.39974482101185216
29.41906873614191,25.22263283238894,21.860654551711463,53.24274881998462,40.78947039109643,197.5655861753425,24.50592647340616,3502170008,-0.12590905820948736,0.40446983170260414,-0.3432036973088843
28.48952957522825,24.195139164571454,20.233867054827762,52.30033964095099,36.83984495611133,196.81034140531952,20.47838648493669,3502170003,-0.1673305901658313,0.4246772870397733,-0.3502224471349455
28.176293199183927,24.512478046926358,19.81769160138943,58.954990188378595,36.99243463307746,196.1312856773226,18.824098349770004,3502170004,-0.22296204827619154,0.48510053694528965,-0.4011203192702578
28.527442051671258,24.380033519906384,20.186965183568937,56.21440091072953,38.925437181798046,196.81529899124052,20.993172690763053,3502170005,-0.1798902920399035,0.4640497904395972,-0.38675229332165173
28.122784478924128,23.72187655354672,19.59415473978913,53.125730657526404,37.421599204584155,196.69483241319776,20.45214683796021,3502170007,-0.17050855400156598,0.4474998821861262,-0.3687315433928855
28.34908156643165,24.12902745425076,19.458545868381368,55.208842921054526,36.17022607354365,196.36139475243502,17.94407415187151,3502170006,-0.20573911486921706,0.469505108249164,-0.38196116859946383
27.470019569062035,23.903556964807073,18.647987107441487,62.50163563871539,37.844117246936506,196.03796607331583,18.163436201718305,3502170002,-0.2398451003961231,0.5303051245672371,-0.4374327898670118
26.984596657227726,23.441218316182066,17.91148214655709,63.93312383451905,37.33354858760969,195.74406554320055,17.064906070861255,3502170001,-0.26285535096849366,0.5589713208420702,-0.4602272698217748
27.400538699980064,23.893318692249174,18.101764562503234,63.30391246863945,36.54128761113149,195.42031401186225,16.318635621659293,3502160002,-0.26565354479992487,0.5500994339538924,-0.44682496535732996
27.220222948952383,22.98785125713082,17.42608328204377,61.83970778713758,34.99867029827582,195.5816032666111,15.67708457729727,3502090005,-0.2760615592660919,0.5559987180277148,-0.45357301658654575
26.786274709854176,22.9880646742121,17.09167420708526,66.4550894898551,37.867378392979354,195.21890016374292,16.709410944171918,3502090010,-0.27291968447940085,0.58596402589131,-0.4808976992403847
27.36027510722273,23.216554721321476,18.1930445221672,62.746213251690925,37.755877549788536,196.2892180368935,18.75194744660659,3502090012,-0.24521459890530295,0.5448838410200735,-0.45430496258625686
27.709698863636337,23.606676136363628,18.572624999999995,59.630832386363615,36.875928977272714,196.34005397727273,18.32551136363634,3502090013,-0.2321124674176494,0.5173948845016969,-0.4253818591628344
26.814198586447944,22.68342040511744,16.970235789392596,65.97974698173746,38.40915962351885,195.35595130828835,16.90264368627904,3502090011,-0.26093663745340845,0.5833004850381547,-0.4803122886487772
27.445507246376863,23.38107068914524,18.447009760425907,61.667216799763445,37.61099378881986,196.34864241348743,18.865211475894696,3502090014,-0.2387127269753819,0.5321365596681543,-0.44273324146625176
26.699210361062082,22.47188906197418,17.116032862302383,60.420921615498635,36.69087162122313,195.79995871395732,17.264223735658323,3502090018,-0.24113975428079246,0.5487709594571284,-0.4477043608866201
27.426948323916026,23.32194367870362,18.20390197840359,58.55019621580191,35.964236941368824,196.070239164979,17.785650101280897,3502090017,-0.2406399320697995,0.5133505677097956,-0.4164522112735764
26.300850916202233,22.311982211788102,15.89479149463988,70.84251634526619,39.14241797070384,195.0864822896082,15.957033602992091,3502090015,-0.2851777751940618,0.6273815809804216,-0.5146932227114575
26.66116887502807,22.65153358954478,16.770434182151607,64.84935032101906,37.95927030683113,195.85138227764037,17.100641283245697,3502090016,-0.2584451587190169,0.5832511602070523,-0.47598188122582286
27.166566350477733,23.163015736137556,17.800254070039966,58.6375913697211,34.722340222354696,195.48997175713453,16.194282555979314,3502190002,-0.2526289381502182,0.5220161079176088,-0.42087669134729727
26.08891635738457,22.12124990420134,15.795494260374118,66.58808386177556,36.40380317159528,194.93077714977647,15.047259307928316,3502190001,-0.2926414393362379,0.6098557573355765,-0.49401341438351754
26.478566797711125,22.683528820892544,16.446270651565758,66.69518337829881,38.84937731872429,194.46344444134823,15.968436809841753,3502070009,-0.2645559476510457,0.5994493457845032,-0.48698339849525835
26.56565080590068,22.316403054718272,16.231913982643764,63.79811320006713,34.06875428652985,194.34683659054568,14.40666762693745,3502190004,-0.3007688511834092,0.58800800871217,-0.4745177927256247
26.79195795243788,22.874817200549554,17.139332019347027,63.25467033610799,34.54265118002742,194.18284284498003,15.171535966686891,3502190009,-0.29116845923175283,0.5677840289852716,-0.46283951260336803
27.096154496957965,23.06835881236697,17.49750272178976,63.23406979172432,35.31683943875417,193.99747507055199,15.727513972129207,3502190010,-0.28035605490513965,0.5608610913265846,-0.4596088443452321
26.436583579239528,22.013455962116474,15.782704033694355,59.99550972050897,30.708445426680683,193.4587862440115,13.051873855636263,3502190016,-0.3245366148115193,0.5726972957282327,-0.45076440304681353
27.145078420081386,23.25852576543747,17.59620894282438,61.87213205326246,35.91419848816768,194.23641702035184,15.936267624587027,3502190015,-0.2643664108532296,0.552558803738201,-0.44860731270437065
26.9691041030748,22.690090761825953,16.63934356476469,61.59036317900415,32.954242221319475,193.47258859130264,14.087927228446471,3502190014,-0.3034963025453127,0.5679908392798897,-0.4544759477918164
26.757036870237144,22.041603754577668,16.046026760847166,60.68574611564763,32.50643540301268,193.4035768041054,13.960403901537154,3502190013,-0.29923040579438004,0.5690559162211593,-0.4539555912626866
27.296048330093676,23.157848118042075,17.212674500795206,63.52161380102494,33.99085748365435,193.70754992048072,15.228065912705429,3502190008,-0.29991671945291837,0.5682587080993335,-0.460636017265384
27.67646469112444,23.6837298812755,18.240747785912102,64.06910113514851,36.82599616818843,194.42932226974858,17.538905911546145,3502190005,-0.2654595566836967,0.5497809146582375,-0.45351457071593837
27.6412245333903,23.846723528267418,18.34663960908922,63.9888158622505,37.16795660615583,194.04643209984843,17.087857657815732,3502190007,-0.26192662916161114,0.5489040892915725,-0.45192496274526867
27.889686385302543,23.9517059803024,18.33113123046816,65.03874313425293,36.779333312288976,194.5158119337733,16.900035315193048,3502180013,-0.27260091886309024,0.5528775667648165,-0.4547227162395334
27.3759981658158,23.443443663346994,17.779913591095504,64.25027373280882,35.869595956425925,194.50205038078482,16.374036704605683,3502180004,-0.2761392839519888,0.5531375128960978,-0.45246863414130123
27.066785156877064,22.93268299098173,17.466726363040344,58.04030278825902,34.70244710005204,194.797184471465,16.098067732820706,3502190003,-0.24834996304094514,0.5257837294804314,-0.42177911642285343
27.63326027886654,23.66765828372386,18.018548162703066,64.04460215659539,37.039435671419824,194.5914491922213,17.30759651949283,3502180012,-0.259334694512071,0.5499007380406895,-0.45001895406775233
27.478650344741755,23.509120924323874,17.58371645543875,65.55386970730775,36.22954545660923,194.32195877627333,16.45264465489043,3502180014,-0.2819547221848039,0.5682339599827329,-0.46365426505486595
27.122447224286468,22.958945724272695,17.044343296727476,62.26741013679024,34.18923740126054,193.77379723667175,15.055288924669016,3502190006,-0.28889352937902557,0.565441557684197,-0.4565528991984367
26.79643188010368,22.579893753835712,16.300399498086566,64.05327944148453,33.35007290253735,193.96120725038216,13.987141399650545,3502190011,-0.3117305980598104,0.5873795399874936,-0.4721866212984091
27.19510724364607,22.537338410918338,16.295762467774416,59.54332027519981,31.043008838005893,192.772654395521,13.24565158478258,3502190012,-0.3188495412014667,0.5605203970144983,-0.4396222314294978
27.984219619577104,22.387543303647846,15.944959366866724,55.717475788318275,26.20486166439452,191.42039579681685,11.05536596377544,3502200001,-0.3689383324890674,0.5424080208366687,-0.4101072598283263
27.977155497423446,21.775320084380475,15.445789791562195,45.36600972101171,20.28694115749314,191.3826519830287,8.877338188420564,3502200008,-0.3911780668186129,0.47463943481179127,-0.33143750337190514
26.608305965857085,21.84311335239706,15.32162621940679,60.004038155770694,29.72844691215012,192.88299456289357,12.234782116478788,3502190017,-0.339620303177098,0.5839683258792107,-0.4559300601270171
29.177929618427022,23.114358491495157,16.677663258956628,55.45622079931715,25.16864658052638,190.76940730914262,10.945961110025115,3502200002,-0.38217063211140573,0.5292282408821126,-0.3994341229055777
27.67142719964796,22.011818662230443,15.412359071117391,55.698787227832085,24.90672700321082,191.79129393524906,10.348267391112197,3502200003,-0.3916356023583024,0.5490629980967621,-0.41288669148668966
29.604687477133837,23.532290924652795,17.254023733630817,44.03395151941345,20.959977629334297,190.47667474452254,10.018277023673095,3502200007,-0.36606619515146416,0.40555895752855164,-0.26619174723533257
25.165490529017497,20.696355865198175,14.207666730518591,58.17580144084738,27.937198033359017,190.46852215781803,12.006016275159423,3502200006,-0.36877368156612517,0.6033981953313208,-0.45881670962058824
26.591456585334406,21.553198958433704,15.183787571929077,54.52429903237188,24.985680714951485,190.0567772527075,10.896866621660672,3502200005,-0.38836378386342574,0.5716184607773017,-0.4288420547484709
28.356835086027893,23.34366154600766,16.94298097618109,54.780860744292475,25.94651279319045,190.22046128215172,11.807443560697346,3502200004,-0.3767903615046175,0.5308868889493672,-0.39276219105249044
27.45052800557443,22.0560839163923,15.64106205305853,53.65978756292731,25.15554058553601,191.90221698394024,10.719220990564464,3502070015,-0.369733280872143,0.5312902942510151,-0.39796358574012813
29.928542475829754,24.267234524040255,18.178976137545966,50.28595921511801,23.750817600245643,190.065239338467,11.324676763320841,3502070016,-0.38003438990740146,0.4818987761039864,-0.34767432791496305
30.230399205202293,24.596344532755328,18.73297567437377,48.880967003853605,23.046887042389205,189.15305394990358,11.205750240847786,3502070017,-0.3819726125242631,0.47774395920210955,-0.34380093093223935
27.987848492534297,22.13385087557638,15.6624619780709,49.88692319342235,22.55890000529159,191.48797895770184,9.641800127363194,3502070014,-0.39199945286490334,0.5068004363341105,-0.36577266507063705
26.77104171651911,21.735325436707353,15.608784996410625,56.554405958363226,27.834992422429572,193.623656975353,11.781070032703207,3502070011,-0.3428372008038047,0.5455223145842246,-0.4208307572858608
26.645683328468632,21.238501681276126,14.86380681751251,52.6441335963341,24.941089236560614,193.25756966922916,10.42648130962838,3502070013,-0.3666978962436747,0.5377599483637284,-0.3999082859497287
26.708607030219063,22.15878179782571,15.801876586994766,59.26191480902407,29.471929858795583,193.5056918382432,12.382598366233884,3502070012,-0.33922912186187065,0.5678212014368805,-0.44328425952262995
26.615517492870435,22.07684435761466,15.826311721216667,58.36088800680862,29.767409888258374,193.7062879234245,12.590459749916443,3502070010,-0.33033753550364175,0.5606994186621814,-0.43671980576104896
26.632551134974776,22.524184761218233,16.608569380745827,64.76987293419675,37.63903492963116,194.5695671808127,16.556699023494957,3502070008,-0.26671233151404367,0.5882757724479202,-0.4797036081480231
26.422450484265518,21.49817911681579,14.997676419004211,61.381402415183764,28.1342594144129,193.00515963448257,11.77476484913479,3502070006,-0.37064991964791816,0.5935891684564806,-0.46645810489546474
26.60376594409166,21.493294130059233,15.158950165022484,56.84191730865762,25.597692562638745,191.78932218761088,10.976075203787046,3502070005,-0.38056494565524407,0.5668752042654346,-0.4381792034339174
36.65231763350489,32.36750363821585,26.888387263088223,59.78635747189555,32.424621652089144,186.75719818145203,17.773512844214718,3502070018,-0.32574075372474237,0.4319245927416954,-0.32166952599078275
28.89804988262494,23.51016980671178,17.365660128694635,54.58414493732116,25.957822726380364,190.89914037255448,11.865208835625007,3502070004,-0.3630682526245797,0.5083151484077256,-0.3840173523942444
26.25587255085256,21.3792308523539,14.680107854252679,61.818474500393584,28.21745633429327,192.64962461986002,11.382241097478767,3502061006,-0.37761532376661927,0.6081649856378031,-0.475714306037469
44.75363467743277,41.69120166489886,35.93858637704019,68.16550103847929,39.654174603350924,187.91853213454704,23.1834741574157,3502061005,-0.3024299433447425,0.3596661900011901,-0.26384180732039975
48.80566748912009,47.441650945212345,42.06854347441645,78.90494333424476,49.0311947152421,186.34410832109236,29.779708654424084,3502061004,-0.26034907359869436,0.3530060854233001,-0.27683092169393414
45.2368155759647,43.03104216868664,37.476033706739045,72.05748232342316,43.68291030290919,186.15372512050106,26.202393091890386,3502061003,-0.28679226754926246,0.36219943591676756,-0.26874973092181154
